{
  "Adam Peterman": {
    "games": 5,
    "rating": 1427.87,
    "rd": 193.53,
    "vol": 0.059994
  },
  "Brad Maggetti": {
    "games": 3,
    "rating": 1628.81,
    "rd": 209.87,
    "vol": 0.059998
  },
  "Bryan Mayo": {
    "games": 7,
    "rating": 1389.8,
    "rd": 167.63,
    "vol": 0.059995
  },
  "Caelan Fulkerson": {
    "games": 5,
    "rating": 1244.63,
    "rd": 176.74,
    "vol": 0.060017
  },
  "Charlie Nevitt": {
    "games": 3,
    "rating": 1400.12,
    "rd": 227.74,
    "vol": 0.059997
  },
  "Colton Titus": {
    "games": 3,
    "rating": 1427.59,
    "rd": 220.9,
    "vol": 0.059996
  },
  "Derek Brannon": {
    "games": 4,
    "rating": 1496.51,
    "rd": 198.39,
    "vol": 0.059993
  },
  "Gregory Burban": {
    "games": 3,
    "rating": 1411.44,
    "rd": 218.72,
    "vol": 0.059996
  },
  "James Laird": {
    "games": 3,
    "rating": 1785.44,
    "rd": 201.77,
    "vol": 0.060013
  },
  "Jason Lindsay": {
    "games": 3,
    "rating": 1184.93,
    "rd": 218.38,
    "vol": 0.060013
  },
  "Jeff Henderson": {
    "games": 6,
    "rating": 1512.27,
    "rd": 164.17,
    "vol": 0.059988
  },
  "Josey Coronado": {
    "games": 2,
    "rating": 1747.32,
    "rd": 253.4,
    "vol": 0.060003
  },
  "Kevin Morrison": {
    "games": 3,
    "rating": 1593.4,
    "rd": 218.38,
    "vol": 0.059996
  },
  "Khael Hopkins": {
    "games": 3,
    "rating": 1247.68,
    "rd": 214.98,
    "vol": 0.060007
  },
  "Mason Mutz": {
    "games": 5,
    "rating": 1881.9,
    "rd": 182.17,
    "vol": 0.060045
  },
  "Michael Labrow": {
    "games": 6,
    "rating": 1581.48,
    "rd": 171.56,
    "vol": 0.059993
  },
  "Miguel Fuentes": {
    "games": 4,
    "rating": 1667.53,
    "rd": 208.56,
    "vol": 0.06
  },
  "Roberto Garcia": {
    "games": 3,
    "rating": 1401.39,
    "rd": 193.29,
    "vol": 0.059995
  },
  "Spenser Diesing": {
    "games": 3,
    "rating": 1426.59,
    "rd": 213.48,
    "vol": 0.059995
  },
  "Steven Boada": {
    "games": 3,
    "rating": 1771.92,
    "rd": 211.87,
    "vol": 0.060009
  },
  "Wyatt Nelson": {
    "games": 2,
    "rating": 1280.93,
    "rd": 236.83,
    "vol": 0.060002
  },
  "Zak Engelbrecht": {
    "games": 1,
    "rating": 1441.01,
    "rd": 302.06,
    "vol": 0.059999
  }
}